Title,Price
[PR] ロジクール ワイヤレスキーボード K380 無線 キーボード 薄型 小型 Bluetooth ワイヤレス windows mac K380BK K380OW K380RO K380LV K380GY 国内正規品 2年間無償保証,"4,000円"
[PR] ロジクール SIGNATURE K855 ワイヤレス メカニカル キーボード テンキーレス 赤軸 リニア Logi Bolt Bluetooth Unifying非対応 無線 K855GR K855OW K855RO K855BG 国内正規品 2年間無償保証,"12,010円"
[PR] ロジクール ワイヤレス キーボード KX700 MX KEYS mini 充電式 bluetooth Unifying非対応 無線 テンキーレス KX700GR KX700PG KX700RO 国内正規品 2年間無償保証,"14,500円"
[PR] ロジクール MX MECHANICAL ワイヤレス メカニカル キーボード KX850 テンキー 茶軸 タクタイル 赤軸 リニア 青軸 クリッキー Logi Bolt Bluetooth Unifying非対応 無線 国内正規品 2年間無償保証,"21,400円"
純正 新品 富士通 USB 日本語キーボード CP740118-01 軽量,"1,150円"
有線キーボード USB接続 日本語109キー Lazos ラゾス メンブレン式 簡単接続 排水機能 ケーブル長 1.4m ブラック L-KB ◆宅,"1,339円"
エレコム キーボード 有線 有線キーボード　メンブレン USB 高耐久 Wii PS5 ブラック TK-FCM062BK,"1,461円"
ロジクール SIGNATURE K650 ワイヤレス キーボード Logi Bolt Bluetooth Unifying非対応 windows mac chrome Android 無線 グラファイト オフホワイト 国内正規品 2年間無償保証,"5,800円"
ワイヤレス キーボード マウスセット 小型 テンキーレス USB接続 メンブレン 静音マウス ブルーLEDマウス ブラック 無線,"3,000円"
エレコム 無線キーボード フルサイズ 無線 薄型フルキーボード メンブレン式 抗菌 ブラック Windows11 対応 TK-FDM110TKBK,"2,948円"
ワイヤレスキーボード USB接続 静音 薄型 スリープ機能 機能 Windows10/8/7/MacOSなど対応 無線キーボード マルチペアリング Windows macOS iOS Android 配列切替可能 充電式 Bluetooth ワイヤレス ipad 第9世代 Air5 10.9インチ 無線 PC用キーボード mini6 第7/8/9世代,"1,880円"
【お得なセット品】ロジクール ワイヤレス マウス + キーボード [ M350 + K380 ],"6,650円"
エレコム フル キーボード 軽量×超薄型 有線 1.5m ブラック Windows11 対応 TK-FCP097BK,"3,168円"
【楽天配送】【送料無料】ブルートゥース タブレット用キーボード レディースキーボード ワイヤレスキーボード コンパクトキーボード 軽量 Bluetoothキーボード タイプライター　おしゃれ　オフィス　ゲーム　カラフル　ピンク　パープル　グリーン,"4,299円"
【テンキー搭載 】キーボード ワイヤレス 日本語配列 2.4GHz Type-C USB変換アダプター付き 無線キーボード スマホホルダー付き パソコン タブレット スマホ Windows Mac iOS 多システム対応 リモート 在宅勤務 軽量 薄型 静音 送料無料,"3,480円"
【300円クーポン あす楽 翌日配達】キーボード 有線 パソコン用キーボード ゲーミングキーボード テンキー付き 104キー 英語配列 26キー防衝突 メカニカル式触感 pc コンパクト 静音 高耐久アルミ製 仕事用 ゲーム用 Windows/Mac OS対応 プレゼント 一年間品質保証,"3,520円"
エレコム キーボード 有線 有線キーボード USBハブ付き フルキーボード メンブレン TK-FCM094HBK【納期目安：06/21入荷予定】,"2,680円"
【訳あり 新品】ワイヤレスキーボード コンパクト スリム パンタグラフ テンキー付き ブラック SKB-WL31BK サンワサプライ ※箱にキズ、汚れあり,"3,210円"
ロジクール ワイヤレス メカニカル キーボード K730 POP KEYS Bluetooth Logi Bolt 無線 タクタイル 茶軸 windows mac K730YL K730RO K730PL K730GY 国内正規品 2年間無償保証,"13,000円"
キーボード 無線 ワイヤレス GH-KBLMTA 109A配列対応 テンキー付き キーピッチ19mm メンブレン式入力 角度調整可能 チルトスタンド 電源スイッチ マルチファンクションキー windows ウィンドウズ パソコン PC グリーンハウス,"2,980円"
エレコム フル キーボード 軽量×超薄型 有線 1.5m ホワイト Windows11 対応 TK-FCP097WH,"3,168円"
エレコム 無線キーボード メンブレン式 フルサイズ ブラック TK-FDM106TBK メーカー在庫品,"1,801円"
エレコム キーボード ワイヤレス 無線 USB 抗菌 薄型 フル ブラック TK-FDM110TKBK(1個)【エレコム(ELECOM)】,"2,670円"
【新品】HP純正 HP 320K USB接続 薄型 スリムキーボード 日本語配列HP Smart Buy 有線USBキーボード,"3,300円"
HKW. タイプライター風メカニカルキーボード キーボード 有線 Keyboard メカニカルキーボード 有線キーボード テンキー 角度調節 テレワーク キーボード　青軸 JIS規格 109キー USB有線 日本語キーボード 日本語配列 【シルバー】,"14,643円"
【ふるさと納税】東プレ REALFORCE R3 無線/有線両対応静電容量無接点方式キーボード(型式：R3HC12)≪PC パソコン 周辺機器 高級 プロ リアルフォース≫,"107,000円"
バッファロー USB接続 有線スタンダードキーボード ブラック(BSKBU100BKZ),"1,019円"
ロジクール SIGNATURE K855 ワイヤレス メカニカル キーボード テンキーレス 赤軸 リニア Logi Bolt Bluetooth Unifying非対応 無線 K855GR K855OW K855RO K855BG 国内正規品 2年間無償保証,"12,010円"
【ふるさと納税】東プレ REALFORCE R3 無線/有線両対応　静電容量無接点方式キーボード(型式：R3HC23)≪PC パソコン 周辺機器 高級 プロ リアルフォース≫,"107,000円"
【ふるさと納税】東プレ REALFORCE R3S 有線　静電容量無接点方式キーボード（型式：R3SC11）※着日指定不可,"85,000円"
【ふるさと納税】東プレ REALFORCE R3 無線/有線両対応　静電容量無接点方式キーボード(型式：R3HC22)≪PC パソコン 周辺機器 高級 プロ リアルフォース≫,"107,000円"
【ふるさと納税】東プレ REALFORCE R3 無線/有線両対応　静電容量無接点方式キーボード(型式：R3HA21)≪PC パソコン 周辺機器 高級 プロ リアルフォース≫,"118,000円"
【送料無料※2年保証 NPET正規店】NPET キーボード マウス セット ゲーミング LED バックライト 4階段DPI ゲーミングマウス キーキャッププーラー付き S20,"3,699円"
【ふるさと納税】東プレ REALFORCE R3S 有線　静電容量無接点方式キーボード（型式：R3SA12）※着日指定不可,"85,000円"
エレコム ワイヤレス ミニ キーボード 超薄型 無線 2.4GHz ブラック Windows11 対応 TK-FDP098TBK,"4,048円"
エレコム ELECOM Bluetooth フルキーボード TK-FBM112BK メンブレン式 スタンド付 マルチペアリング対応 ブラック,"2,980円"
【ふるさと納税】東プレ REALFORCE R3S 有線　静電容量無接点方式キーボード（型式：R3SA41）※着日指定不可,"74,000円"
エレコム ミニ キーボード 超薄型 有線 1.5m ブラック Windows11 対応 TK-FCP096BK,"2,948円"
エレコム 有線キーボード メンブレン式 コンパクトサイズ 薄型 ブラック(TK-FCM107BK) 目安在庫=○【数量限定】,"1,000円"
バッファロー BUFFALO BSKBU100BK(ブラック) 有線キーボード 108キー 日本語配列 BSKBU100BK,"1,108円"
【ふるさと納税】東プレ REALFORCE R3S 有線　静電容量無接点方式キーボード（型式：R3SA11）※着日指定不可,"85,000円"
【ふるさと納税】東プレ REALFORCE R3S 有線　静電容量無接点方式キーボード（型式：R3SA31）※着日指定不可,"74,000円"
【ふるさと納税】東プレ REALFORCE R3 無線/有線両対応　静電容量無接点方式キーボード(型式：R3HA22)≪PC パソコン 周辺機器 高級 プロ リアルフォース≫,"118,000円"
エレコム TK-FCM103BK 有線コンパクトキーボード(TK-FCM103BK),"1,262円"
【ふるさと納税】東プレ REALFORCE R3 無線/有線両対応静電容量無接点方式キーボード(型式：R3HA11)≪PC パソコン 周辺機器 高級 プロ リアルフォース≫,"118,000円"
エレコム ワイヤレス フル キーボード 軽量×超薄型 Bluetooth ブラック Windows11 対応 TK-FBP101BK,"5,368円"
【ふるさと納税】Owltech(オウルテック) 折り畳み式 Bluetoothキーボード 英語配列63キー タッチパッド付き OWL-BTKB6301TP-BKGY【 家電 神奈川県 海老名市 】,"22,000円"
【正規代理店】 エレコム TK-FFCM01BK 有線キーボード メンブレン式 フルサイズ USB接続 ブラック,"1,463円"
【ふるさと納税】東プレ REALFORCE R3 無線/有線両対応静電容量無接点方式キーボード(型式：R3HA13)≪PC パソコン 周辺機器 高級 プロ リアルフォース≫,"118,000円"
